filename,Crack,Red-Dots,Toothmark
CC_211_jpg.rf.31153880eb2dbd26c2a84ec2063570a5.jpg,0,0,1
CC_1873_jpg.rf.30bd76e7beefb2ee1bb72b6c33cd826c.jpg,1,1,1
CC_1584_jpg.rf.3074bed75cb82a848747c8534c8ba2ed.jpg,0,1,0
CC_1130_jpg.rf.321c01c097f04c8f20de88d70921481b.jpg,0,1,0
CC_526_jpg.rf.33619b9cdb0f9b4fd0725af28477d19f.jpg,0,1,1
CC_3075_jpg.rf.32512eedc9ad5a027b2c587cd6f4cf74.jpg,0,0,1
CC_1045_jpg.rf.315146a7af4ad08f62ee8c3a3d2d0332.jpg,1,0,1
CC_1585_jpg.rf.31f81bb5d713dd9368519085ebc09d96.jpg,0,1,0
CC_606_jpg.rf.3354f105e821e81428bb5d6c3c116bee.jpg,1,1,0
CC_1476_jpg.rf.30454f6af66cfe4a1c6eae8a1f4f51e1.jpg,0,1,1
CC_817_jpg.rf.34dc251038d1122434bac5bc18d34658.jpg,0,1,0
CC_3291_jpg.rf.34e6480fd3b991757aeb36d55b9f519a.jpg,1,0,1
CC_1287_jpg.rf.36260159e882a9c55c189d1e6761d90c.jpg,1,0,0
CC_1869_jpg.rf.3666e42eb571978380b824ef84c54e0a.jpg,0,0,1
CC_1511_jpg.rf.36c6da34d7c6a075603f05b7f98c5919.jpg,1,0,0
CC_1162_jpg.rf.2fa8c99fca67e71f22578c68d4335583.jpg,1,1,0
CC_2379_jpg.rf.36a9c3da154340fb1505e8bb4eb576d2.jpg,0,1,0
CC_104_jpg.rf.33c05af8e6407c844d4d1c0d07198412.jpg,1,1,1
CC_815_jpg.rf.366fb08a82f0dfa1c0979cf157da7650.jpg,1,1,1
CC_2491_jpg.rf.340d16addf2c44ed95e120ae97c07f66.jpg,0,1,1
CC_2275_jpg.rf.36b16d2c1e8c18905cbd6c5c8f7585c5.jpg,1,1,1
CC_1318_jpg.rf.36e1331b01fa8df5312af01012a12c79.jpg,1,0,1
CC_348_jpg.rf.3501d7610431c4eb962cc80ff7ed17e0.jpg,0,0,0
CC_1232_jpg.rf.3034e72d3c3dc66f48703658b6124f4b.jpg,0,1,1
CC_1351_jpg.rf.3620d567742f04ca4d09d5256efe52fd.jpg,0,1,1
CC_1499_jpg.rf.376631fc8ffb392f8fe413f805cf7905.jpg,0,1,1
CC_2330_jpg.rf.395a7cf1ae4859d795b49b58dc15322c.jpg,1,0,1
CC_1477_jpg.rf.376b405f2d2ae874e36e9bcd87541bf0.jpg,0,1,1
CC_1043_jpg.rf.395807ce3ac91b31afba68f64512dc0d.jpg,0,1,1
CC_1288_jpg.rf.37ebbcff7e7d8f2a1b069230dd8985e6.jpg,1,0,1
CC_1223_jpg.rf.3888120be9eb561ba7502301b43b5284.jpg,0,0,1
CC_1335_jpg.rf.394c099929e065be63a3c882b9b68f18.jpg,1,1,1
CC_1305_jpg.rf.3b3eb924e20cdedae37238f319b6c093.jpg,0,0,0
CC_2065_jpg.rf.3c781a61128852237d7dcc581fc57b63.jpg,0,1,1
CC_524_jpg.rf.3aa0a48c05908dc14f20ab09da7965c0.jpg,1,1,0
CC_106_jpg.rf.3941dd07d538140d738c9f5f86d027e9.jpg,0,1,1
CC_13_jpg.rf.3c0031a074b138f1f53508040d6e6db2.jpg,1,1,0
CC_977_jpg.rf.3f06391216cf04e509a99e6d2d29cc83.jpg,0,0,0
CC_86_jpg.rf.3d294737b93528ee66287e7f72c0f3be.jpg,0,1,1
CC_831_jpg.rf.3a188038437e17cdc32d39638b4d44ab.jpg,0,0,1
CC_1135_jpg.rf.3db86da4bf6537acfa2855e750592136.jpg,0,0,1
CC_1312_jpg.rf.39b3e053bf7b029a24a2a9ec2034a35c.jpg,1,0,0
CC_2051_jpg.rf.3bbe4721d4053c5dc8a0df95229d8159.jpg,1,1,1
CC_138_jpg.rf.3970707721b77209b161c1f1a178c5e1.jpg,1,1,1
CC_874_jpg.rf.3dda9f820d853cee0412447c976a34f7.jpg,1,1,1
CC_2333_jpg.rf.3f5d5d28d6a6aa0452b6aacc5fb9c350.jpg,1,1,1
CC_14_jpg.rf.3ac195998407e28851c322d99433b0c9.jpg,1,1,0
CC_1348_jpg.rf.3fe0b6d534a131cfcdc6b730a602df09.jpg,0,1,1
CC_103_jpg.rf.3d00281701fd96f6bc56bc5843ab0f2c.jpg,1,1,1
CC_1591_jpg.rf.3ea5451bf8efa7270bb54a506ccf6a99.jpg,1,0,1
CC_1446_jpg.rf.3fd53f9e47ac5f556b4ee51d05c2ba71.jpg,1,1,1
CC_2449_jpg.rf.4052ebba359124800d0eaf433d85977c.jpg,0,1,0
CC_1077_jpg.rf.416e8b5500d511176c41a3fce0c36ef4.jpg,1,1,1
CC_1428_jpg.rf.405bc22133c585d2c78818b21a1983a3.jpg,0,1,1
CC_1024_jpg.rf.417e0c91adf5269c7af08044a8d9612b.jpg,0,1,0
CC_2090_jpg.rf.4309856e4942a34cb5ef1817b751b8bd.jpg,1,1,0
CC_144_jpg.rf.407b3f7a401f5c6bf84dde24a9f22937.jpg,1,1,1
CC_1447_jpg.rf.437dfd5eb204771f7ff74b5c74e0d640.jpg,0,0,1
CC_2341_jpg.rf.4555aa9a6c53d38a4282a5b573af6414.jpg,0,0,1
CC_1332_jpg.rf.453992ef3cbe0253a6ac9a5e518e4afd.jpg,0,0,1
CC_1032_jpg.rf.430f11efd5460f4327976bf4235005f6.jpg,0,1,1
CC_1303_jpg.rf.427363fcd86975e9a03669501363adf0.jpg,0,0,0
CC_1388_jpg.rf.42f723e4c8922029b845adb580283df5.jpg,0,0,1
CC_1751_jpg.rf.40e73df0ec1ec50ae747a002e63869c3.jpg,0,1,0
CC_1383_jpg.rf.44c2e9d2def5f608d05dbd9db64fa566.jpg,0,1,1
CC_232_jpg.rf.435989a0e2fd91002a2e3055a87ddef6.jpg,1,1,1
CC_980_jpg.rf.4691a9b54fe26e3c4432a70f0d50ef15.jpg,1,0,0
CC_1240_jpg.rf.408c5f452a1c968ea30b7c8252e286c5.jpg,0,1,0
CC_1445_jpg.rf.49567cd5b50e4193d4f1fc5392b67766.jpg,0,1,0
CC_1413_jpg.rf.40c70ddd31b056911e956f9ea7cdb45a.jpg,0,0,0
CC_1216_jpg.rf.45430ec53b252cca0dc4d043b648b3d8.jpg,0,1,1
CC_92_jpg.rf.466f4cbedb20e42fdb37ecef28131fd8.jpg,1,1,1
CC_1464_jpg.rf.4a85cd7a23566a09b68391a4c87cfe5b.jpg,0,1,1
CC_1698_jpg.rf.49613de0390d2b0c1d949d85e990dd57.jpg,0,1,1
CC_1610_jpg.rf.45e850db635006b52fa12727244e861c.jpg,0,0,1
CC_1630_jpg.rf.44a7eefaa8bad60027fd267b492345fd.jpg,0,1,0
CC_31_jpg.rf.43b91063ed5f516e878262c78f7d32cf.jpg,0,1,0
CC_1143_jpg.rf.44676cf8736455f10de36cce62525548.jpg,0,1,0
CC_3107_jpg.rf.4b09b8c6741f862d9f2ca90f51fb911e.jpg,0,0,1
CC_1087_jpg.rf.496993c1f24f1fd7dbac19fc490c217c.jpg,0,1,1
CC_1038_jpg.rf.4a60377ffad379983d63ee931cfbdcbc.jpg,0,0,0
CC_2171_jpg.rf.4a49393aadf9319d2d1a1e1f4078cb3a.jpg,1,0,1
CC_2337_jpg.rf.4b971da48dc19aff54e30e6cb26354fe.jpg,1,0,1
CC_781_jpg.rf.4bd81f293a30ac9a087ba8997448d546.jpg,0,1,1
CC_1439_jpg.rf.4b1087fb7a198bf3c37a2c4401df5109.jpg,1,1,1
CC_1687_jpg.rf.4bfa05ebd129bafca54561ae421b70c5.jpg,1,0,1
CC_113_jpg.rf.4f1da59e8de8a232fb121aa39b7f4452.jpg,0,0,1
CC_1691_jpg.rf.4c44fd16cf05b6d16deb54675e452c25.jpg,1,0,1
CC_1848_jpg.rf.4cfa3df07fb02500cf1d86cc112b7013.jpg,1,0,0
CC_3082_jpg.rf.4e8f148f984b24e7d56e8c041bd3457d.jpg,0,1,0
CC_1196_jpg.rf.5041a35a39fcee839a648415726f4f11.jpg,0,1,1
CC_609_jpg.rf.4b7abc0fdf5ea23d7b245393cc26efc0.jpg,0,1,1
CC_1293_jpg.rf.4f2406080b1f9526789ec2c9c02b8fb0.jpg,0,1,1
CC_3089_jpg.rf.4ff83e407715a8837a420c1cfce692d9.jpg,0,1,0
CC_1017_jpg.rf.4da49f93682b29970e8c509341c1cb75.jpg,0,1,1
CC_1069_jpg.rf.4c30059fb9a588bbd841bef73d5ce0bf.jpg,1,1,1
CC_87_jpg.rf.51488dd2903ad8d36eac96d8418222a3.jpg,0,1,1
CC_1095_jpg.rf.4b400cdf66f92d7878220527ca5d18e2.jpg,0,1,0
CC_1358_jpg.rf.50ab9e5d85f10c0d578cfbe283055cf3.jpg,0,0,0
CC_901_jpg.rf.50ac9206a2f52c0a5a93aa29c1719b56.jpg,1,0,0
CC_1433_jpg.rf.526c927187c3300ed2061723749bcbf6.jpg,0,1,1
CC_1185_jpg.rf.5173bdd3612e4d3e2a2a434b24ac2153.jpg,0,1,1
CC_1739_jpg.rf.50b611590f8b1cb0443792bb569ad94e.jpg,0,1,1
CC_2736_jpg.rf.4c0a07da23df447187c2e657cc0c94e9.jpg,1,0,1
CC_608_jpg.rf.516f965226baeeffe275612849b139c3.jpg,0,1,1
CC_78_jpg.rf.52a45d4c5425d7fbc84cd397d8525c13.jpg,0,1,1
CC_1159_jpg.rf.4d116750bb91e49a4c23ff5f546dc729.jpg,0,0,1
CC_1197_jpg.rf.51050e27fb40bf921d2851beb0a2ce2e.jpg,0,1,1
CC_1044_jpg.rf.53cfb2ea6f93a3e6bf602c1ab89ce333.jpg,0,0,1
CC_1485_jpg.rf.52f5c9a070907c591d36ed6c360897d9.jpg,0,1,0
CC_3062_jpg.rf.535a58c552ab17b80219657468c56889.jpg,0,1,0
CC_888_jpg.rf.568ad9adea8c0cce8e4c09110c55d26d.jpg,1,1,0
CC_1486_jpg.rf.55dae86fda1072e7f906d8d179c52ac1.jpg,0,1,0
CC_499_jpg.rf.53e6d1246b2313918bd209c993540441.jpg,1,1,0
CC_1633_jpg.rf.54f8cf6c97015d4ec96343acf68ad80c.jpg,0,1,0
CC_1373_jpg.rf.54d5bdf2b43a81bf224c346de5316f97.jpg,0,1,1
CC_2118_jpg.rf.55bb7e63ff6be03640bfd3f406ef1e2b.jpg,0,0,1
CC_3076_jpg.rf.57232a792337a97c9b0b2a62b3938bdd.jpg,0,1,1
CC_492_jpg.rf.56546c86919474b37362bad70226539d.jpg,1,1,1
CC_1405_jpg.rf.5695e96b8175b2c77c936c1735d31b4a.jpg,1,1,1
CC_1353_jpg.rf.54cacc3e57bcd06b39f0a97cadafd513.jpg,0,1,1
CC_3217_jpg.rf.563a6a55a3ddf921051119e128ae50ab.jpg,1,0,1
CC_2441_jpg.rf.579bdd75d80761277cccde2d69237875.jpg,0,1,0
CC_1845_jpg.rf.53576f2d1319b23fd960cc81efd93b43.jpg,1,0,0
CC_1324_jpg.rf.57720e5875dd7f14de8e1afdc2554dbe.jpg,1,0,1
CC_2139_jpg.rf.5492e6e863ea97856805e62495467ceb.jpg,0,1,1
CC_887_jpg.rf.52da55255022fc074b504ecf9e7bcc7b.jpg,1,0,1
CC_2179_jpg.rf.58a5428ec002cb08026cb9c398bf1934.jpg,1,0,0
CC_1092_jpg.rf.58073891c1b2020ac4aa67b974fc44db.jpg,0,1,0
CC_1023_jpg.rf.59d5db6c81a7713ebbaaf1212740a9db.jpg,1,1,0
CC_1393_jpg.rf.5a219cfd75a1d8d8db9e9f432bd07b7f.jpg,0,0,1
CC_1487_jpg.rf.59286f35e8ca499b4dda8d7736a580b0.jpg,0,1,0
CC_1696_jpg.rf.58ad1c553670dd74165a374a991e8a37.jpg,0,1,1
CC_873_jpg.rf.592303a5a3824e3a4366500ebb12eb7a.jpg,0,0,1
CC_3021_jpg.rf.5a0bd693a5dea46b3faebc0f89f97145.jpg,1,0,0
CC_1686_jpg.rf.5a0cb0c103788effd32153f3a8ffd497.jpg,1,0,0
CC_1110_jpg.rf.5abbafdbd54f25600f8103e9a429adbc.jpg,0,0,1
CC_1009_jpg.rf.5aa28b5a99c5d3f4c327c10ab9aeec54.jpg,0,0,0
CC_1918_jpg.rf.5b3f980f28c7efc58a514e69bd2fcb1b.jpg,1,1,0
CC_3103_jpg.rf.5afb2a892acbe8b822e15ec0b57386a1.jpg,0,1,1
CC_856_jpg.rf.59f0bcd9b0d415fb068534c06ff6cdf1.jpg,0,0,1
CC_1607_jpg.rf.5b985a6c6f1cba43bd58a60b5a51b9a2.jpg,0,0,1
CC_1684_jpg.rf.5bc2e095b3a31f283763a11155e34bb1.jpg,1,0,0
CC_1156_jpg.rf.5c5ae3f935c7855ffda2cc7f83ea5757.jpg,1,1,0
CC_1593_jpg.rf.5ba29df1eea389a7a180e60895d6094a.jpg,0,0,1
CC_102_jpg.rf.5e7d4d58323474a5df3a8c3c779df988.jpg,1,1,1
CC_2302_jpg.rf.5df866b706952ff71a3a91d24be00bd9.jpg,0,0,1
CC_2170_jpg.rf.5e69e2b9cf7610b8c5d63ed0c6665f95.jpg,1,1,1
CC_1362_jpg.rf.5bbbb10ea6a15be1fd6a162a22fcc7e4.jpg,0,0,1
CC_1319_jpg.rf.5d03c28225e24bca3e3ce8f62abac663.jpg,1,0,1
CC_2385_jpg.rf.5b3fc1920ce93102a95f071ba608e8cf.jpg,1,0,0
CC_846_jpg.rf.61cd296351f9cf6580ab22b9ba0e0555.jpg,0,1,1
CC_1326_jpg.rf.615174626f87e58c374adcfcf05ab0ab.jpg,1,0,1
CC_876_jpg.rf.5dfb65488b22145cd6d35bc1313e5f0e.jpg,1,1,0
CC_1925_jpg.rf.60b8f14dee0facac37a722ddf0c8d69a.jpg,1,1,1
CC_1756_jpg.rf.62fc389b3bef08da856095b57cf0bf03.jpg,1,1,1
CC_1214_jpg.rf.5e8bd8781cec486a6f75a369e8926eaa.jpg,1,1,1
CC_1148_jpg.rf.5d73ea42eb18e5ff07f0d0e27feb92fa.jpg,0,0,0
CC_1434_jpg.rf.5e5015f881e051bc521d4f46f0b12b3a.jpg,0,1,1
CC_2704_jpg.rf.5cb67487c083d213c38d69f1acc1cfa2.jpg,1,0,1
CC_1481_jpg.rf.627f17c3158fb3e68a10febaa79c5222.jpg,0,0,1
CC_2406_jpg.rf.61bbbd266354c3e9a9f872773b1aadea.jpg,1,0,0
CC_1155_jpg.rf.62b68c16a116f19c46339b335c3ec2e1.jpg,1,1,1
CC_978_jpg.rf.63a58f5f3c171fac00334dc2ab4b8f42.jpg,1,0,0
CC_1029_jpg.rf.5f0e8e70ecc0e19e85e83abb81c7380f.jpg,1,1,0
CC_1420_jpg.rf.5e9a0a67bd0c8a3c2a994a0348d64454.jpg,0,1,1
CC_1689_jpg.rf.62dc1a6c87f23738fa17a10bf4296cd6.jpg,1,0,1
CC_607_jpg.rf.63c8cd9212aeb62ded9d3b357a341608.jpg,0,1,1
CC_859_jpg.rf.6223590af9a2dda3e37a9a334a3abd05.jpg,1,0,0
CC_145_jpg.rf.655b02fda87232f98287000e60fdb921.jpg,1,0,1
CC_1228_jpg.rf.661a82dc582aeb51f40933350c45b14c.jpg,0,1,1
CC_2129_jpg.rf.658e1c3181c03b4ade84f295d0ecb12c.jpg,0,1,1
CC_2805_jpg.rf.65cc06c753b6bb66d2a866e0f584d469.jpg,1,0,0
CC_1501_jpg.rf.64dcc0b3b9fca902e3d8cb2c9aac238a.jpg,0,1,1
CC_109_jpg.rf.66db01a2564f78c5c7c986bc946067f1.jpg,0,1,1
CC_135_jpg.rf.678bef76d700a29bbaee1fe7942ffc80.jpg,0,1,1
CC_2348_jpg.rf.6686d71e42deef7bb8f81a4f0b0ab649.jpg,0,1,1
CC_1760_jpg.rf.67384c25ef5b5ddd410c5ee3b87fa415.jpg,1,0,1
CC_168_jpg.rf.6be4e326cbe5bd1e0171c7c5c69a2659.jpg,0,0,1
CC_2084_jpg.rf.673abe8c11fa0bf4828c5efaf24e7440.jpg,0,1,1
CC_1753_jpg.rf.65e753a3e55733748ec3f3a3a2a10e5c.jpg,0,1,0
CC_1386_jpg.rf.69ffc45993168326674b326a53309cc2.jpg,0,0,0
CC_2133_jpg.rf.64fe25a70ab82519b5eb31cc8cddc45f.jpg,0,1,1
CC_1132_jpg.rf.66db2af9f96c0e25966d95e0c635e3a4.jpg,0,0,1
CC_2098_jpg.rf.67af47d200301e60447453836aca90fe.jpg,0,1,1
CC_2176_jpg.rf.69f4c974024d034a3c470d29faa32026.jpg,1,1,0
CC_1279_jpg.rf.69af365146b2cba11f752890a7911489.jpg,0,0,0
CC_1408_jpg.rf.69ae11e32ae76aae9926a785de8e5fba.jpg,1,0,0
CC_114_jpg.rf.6a86f0bcbcdb7a50f53a46b8a8fbf592.jpg,0,0,0
CC_1367_jpg.rf.6794d775045e0b883c79e3fb59870412.jpg,0,1,1
CC_1058_jpg.rf.6c0dd1c311efefc9fa074543a0f2db10.jpg,0,1,1
CC_503_jpg.rf.644985ac1bc347294f5d072767e49715.jpg,0,1,1
CC_1695_jpg.rf.6d86e235dd41524b3e1bdb0d24f87141.jpg,0,1,1
CC_127_jpg.rf.6affb1106a5ab4c437082f037027ec19.jpg,1,0,1
CC_1587_jpg.rf.694bbe168cebc46e0322b58ff31018a1.jpg,0,1,1
CC_230_jpg.rf.6d760f17a63fa5956fc5173040bb5118.jpg,1,1,1
CC_1271_jpg.rf.6c8fbcbca7c17c93383c9cbaa9b4df1e.jpg,1,1,1
CC_1094_jpg.rf.6d74e35935f6f144dabf669611cf83b9.jpg,1,0,1
CC_117_jpg.rf.6e86622cba156c90e2a4fe35de06cabc.jpg,0,0,1
CC_645_jpg.rf.6f32f7ebf0cf29a752d672bb1ebe0c03.jpg,0,1,1
CC_1360_jpg.rf.6eadcb6ff98e07b5282bb19738f434ac.jpg,0,0,0
CC_1000_jpg.rf.6f593c5bb4efe89cd4c8662acf7be859.jpg,1,1,1
CC_496_jpg.rf.7147138a76b678a70b13d417d4e8bb03.jpg,1,1,0
CC_3100_jpg.rf.709e96f1b3117c42303e055e5b09a5a1.jpg,0,0,1
CC_1448_jpg.rf.70e700c8baa1f2495b77a9e9f960d500.jpg,0,0,1
CC_2482_jpg.rf.73bd88a052137f605d67a7ecf3d0ec81.jpg,0,1,1
CC_1484_jpg.rf.76269f35197116661e55e024ddbfa7c1.jpg,0,0,0
CC_1243_jpg.rf.71c3c124ce77ec16fda7ba71e2ce711a.jpg,1,1,0
CC_234_jpg.rf.71e456e9dcc2d0d15e467ddfe621e87c.jpg,1,1,1
CC_159_jpg.rf.711a1ba0850edfe2b11e95e08457278b.jpg,1,1,1
CC_161_jpg.rf.6e68c68393a5e8357c6b79da444c3aec.jpg,1,0,1
CC_1740_jpg.rf.76db35981fa7f7d4c3b9fbf553de11b8.jpg,1,1,1
CC_2295_jpg.rf.76b19ae436d4af35bb90dbb50288aa9f.jpg,0,1,1
CC_2376_jpg.rf.7366c6942618f3f66e01aa55b1c07b26.jpg,1,0,1
CC_897_jpg.rf.7308290513e6413266f956241fe8cc4a.jpg,1,1,1
CC_2055_jpg.rf.70fdbdb39422b00d1e95d0254c3f3eb7.jpg,0,1,1
CC_3090_jpg.rf.76209578d9df6b29cc54a989e7be701f.jpg,0,0,1
CC_1490_jpg.rf.723529fbf1b4c3903eaf7841e2173710.jpg,0,1,0
CC_998_jpg.rf.6f37d21c607f7a5fbbc702fdc5e125ec.jpg,1,0,0
CC_1072_jpg.rf.740bdf8fe035fba660ca71d809bfa4b7.jpg,1,1,1
CC_2166_jpg.rf.75ed76015806c24fb4f17ea25dec577e.jpg,1,1,1
CC_1065_jpg.rf.76517bf1539232cf2da77ef3f90069ed.jpg,1,1,1
CC_1070_jpg.rf.781f1acc4e976ef5fe5918006e3e4ab9.jpg,1,1,1
CC_1651_jpg.rf.7660983cb33abbe9d9ed64877cadbf4b.jpg,1,1,1
CC_2137_jpg.rf.771b5d2143e2af195553e59774da6ab7.jpg,1,1,0
CC_1473_jpg.rf.789c4ffc8c9f6b3c5e97b171e3486297.jpg,0,1,0
CC_1685_jpg.rf.76f25a759d9d78ad2c98bc5015aa2ba4.jpg,1,0,1
CC_2315_jpg.rf.79abb5b3c5ee7c5436f877dca92df0ef.jpg,0,0,1
CC_1253_jpg.rf.7b47ea384fcbe67e8ab78307b7829d9f.jpg,0,0,1
CC_895_jpg.rf.7aa46cdf3fda3e8a86609cedc7fb6f12.jpg,0,1,1
CC_1573_jpg.rf.7bce0aa4d0d1f4492bb007fa06cd1e66.jpg,0,1,1
CC_2058_jpg.rf.79ce9bfba8e5738e59f1d51465a21078.jpg,1,0,0
CC_1061_jpg.rf.808e15220820739ef5294a886581d269.jpg,1,1,1
CC_1133_jpg.rf.7aca04779b0b3c9c74a87a0c98222f12.jpg,0,0,1
CC_1462_jpg.rf.7f879099f703b9cb5038488983560c9f.jpg,0,0,1
CC_303_jpg.rf.7d3d8ed3d2bea4c697bb790aafe8d78f.jpg,0,1,0
CC_979_jpg.rf.7b466250d67362fb22bf3d48881fbfd4.jpg,1,1,0
CC_1053_jpg.rf.7efa2b64aab279c6f9b405c278faf56c.jpg,0,1,0
CC_865_jpg.rf.81c9b70363259b857eee5bd6a772d744.jpg,0,1,0
CC_1241_jpg.rf.7e6d30536a76f67b815c36f1e3c863b1.jpg,1,1,0
CC_857_jpg.rf.7f624f63d2f2fbd0be1d0452ec871c7f.jpg,0,1,0
CC_1265_jpg.rf.816a572854742838a38fee513aa38ee7.jpg,1,1,0
CC_1412_jpg.rf.80b8345aeec0f0169fa38f57b571c62f.jpg,0,0,1
CC_1084_jpg.rf.81e535facf110f12b5f7e7a43cc75a37.jpg,0,1,0
CC_1592_jpg.rf.802da94934c29d703e6e9e39b6ba4aaf.jpg,1,0,1
CC_2072_jpg.rf.81d0dbd68d8c02fffb8454dfdf58d5e1.jpg,1,1,0
CC_2328_jpg.rf.7a880cf5a3141559de9d1d78074312f6.jpg,0,1,1
CC_1404_jpg.rf.808de45e311d865bae9a26f13694dc0e.jpg,0,1,1
CC_1679_jpg.rf.7c9ed287fcc411375d43e7e34cec9ee5.jpg,1,0,0
CC_2372_jpg.rf.7ee5bf6b33fe00f8167d033f6fe90472.jpg,1,0,1
CC_2481_jpg.rf.008eb29c3eaa8e0c115213f68bb25367.jpg,0,1,1
CC_1123_jpg.rf.00b396cc7d32aab508a7356efc05e6a4.jpg,0,1,0
CC_898_jpg.rf.035d05ddffe719105daea89a5b476c54.jpg,1,0,0
CC_2063_jpg.rf.01fc3553f5a060430c69553abff0b37f.jpg,0,1,1
CC_1231_jpg.rf.00a33ec36202870ec87910e8b65277ab.jpg,0,1,1
CC_1037_jpg.rf.0211fdaffdb4d7621223134e7f3ffc94.jpg,0,1,1
CC_2083_jpg.rf.02968e967457d488518e707440d37362.jpg,0,0,1
CC_1138_jpg.rf.039d2b859308efeaef266da7a73eac0f.jpg,0,1,1
CC_1136_jpg.rf.05fecc5eabdc7443bce88c136e07f1a3.jpg,0,0,0
CC_1103_jpg.rf.010aaa3797b337e88175357d4422fd12.jpg,1,1,1
CC_860_jpg.rf.023d420c6e3b309fd86efc465f524475.jpg,0,1,0
CC_139_jpg.rf.067e34891dd28e38c15c9255037d8267.jpg,1,1,1
CC_309_jpg.rf.07616d4ca4d757a7caeb735cd2182d90.jpg,0,1,0
CC_1085_jpg.rf.043765d2bf692ad176362956ed77aeee.jpg,0,0,0
CC_1093_jpg.rf.07de4890bbf97c4d18f30e281e5867f5.jpg,0,0,0
CC_2428_jpg.rf.06a4a830bff77121c44dc31869233019.jpg,1,0,0
CC_157_jpg.rf.05bfb8c9b0ad1ea954239b2e54e3e37c.jpg,1,1,1
CC_1063_jpg.rf.0845c5847aff966040369d1a9e0085bc.jpg,1,1,1
CC_3093_jpg.rf.0969cbf61b46216edb9b36f6c010f3b3.jpg,0,1,0
CC_1166_jpg.rf.083c79934fcb53d9122fb6d5db9db673.jpg,1,1,0
CC_872_jpg.rf.073464602aeaa6bb486812141c07af26.jpg,1,0,0
CC_1114_jpg.rf.08a3ee6c8411acab5602e7cf030a87f6.jpg,0,1,1
CC_1122_jpg.rf.08ac4979ecc0179428bef82302ec2df0.jpg,0,0,1
CC_1688_jpg.rf.0a030e560de12470c2b18ac9db5ee6ac.jpg,1,0,1
CC_2060_jpg.rf.0ac5ed86de71c67da883d3db1cdd67d9.jpg,0,1,1
CC_1345_jpg.rf.09d30751dba7ff89b0ecc6d1fbe1f3d2.jpg,0,1,0
CC_2397_jpg.rf.09ae8bdcee5c6227e648823fcbbc5053.jpg,1,0,0
CC_1230_jpg.rf.0aa8c1928440275f34319fe98198e09f.jpg,0,1,1
CC_1307_jpg.rf.0aa8c80296d5775760ea955cd3626cc1.jpg,0,0,0
CC_1438_jpg.rf.0808f332ebadd76e77ea9ec6cd4170d8.jpg,0,1,1
CC_1624_jpg.rf.0b93a8075ed71063e9b2b9526bdfdc2f.jpg,0,0,0
CC_2314_jpg.rf.0b3d455483825b096f13b7dba74efbfa.jpg,1,0,1
CC_1004_jpg.rf.0cdcd2ad170de3487103d98bae5c9154.jpg,1,0,1
CC_871_jpg.rf.0c0e9f62a55cc9520a3ed6b38dcc1352.jpg,0,1,0
CC_1928_jpg.rf.0baff2b78faaac223c1744344781f545.jpg,0,1,1
CC_3025_jpg.rf.0db3bdbe872bfb7814f9db5ea124059a.jpg,0,0,0
CC_147_jpg.rf.0c803ffc1cde4603b7560a50e813bb14.jpg,0,0,1
CC_1010_jpg.rf.0dbcf927da0c7ea4f24fb59c35c841a6.jpg,1,0,0
CC_642_jpg.rf.0cf57c58a15bac7cdefa120d91569bd5.jpg,1,0,0
CC_1205_jpg.rf.0d8635fde2dda99f3a19edb688e3efde.jpg,0,1,1
CC_505_jpg.rf.0e3fb20fa81fba89acd3509635d05ff8.jpg,0,1,1
CC_2125_jpg.rf.0e328362e0277d8c0dcb003762ef0484.jpg,1,0,1
CC_2335_jpg.rf.0cf6ae821623db37f4eb51372f789b00.jpg,0,1,1
CC_1008_jpg.rf.11f7d10a75513c516a27fac03f34d4ed.jpg,1,1,0
CC_3081_jpg.rf.13515d7efe1605c455a872d226f25410.jpg,0,1,1
CC_1182_jpg.rf.11dde5cf11735eb0d52dc25aa5c7ad48.jpg,0,1,1
CC_3079_jpg.rf.0f205f1a40cc186baa2939cca0ead1bd.jpg,0,1,1
CC_1365_jpg.rf.11ff03cb71247830de807331bd1f2736.jpg,0,0,1
CC_130_jpg.rf.0f30ec68f4b7c6ad828f33e325c73573.jpg,1,1,1
CC_1451_jpg.rf.11f568232e2cfec5196aab04de983178.jpg,0,0,1
CC_1452_jpg.rf.10dce847e04412890bb865fd6ddf71af.jpg,0,1,0
CC_1251_jpg.rf.1451cd64e63eae15240e3e8b2895337e.jpg,0,1,1
CC_1437_jpg.rf.11ea31d730a66aafac578a25a9de0a90.jpg,0,1,1
CC_2178_jpg.rf.146e91714cbbedbfd04a26536110fd54.jpg,1,1,0
CC_310_jpg.rf.1050f2fb17cb20ab1d5ac1ae810e623a.jpg,0,0,1
CC_2308_jpg.rf.0f2c1939808b15cc9b4041496f41545e.jpg,0,0,1
CC_1117_jpg.rf.122ac45c0c19e6460d9ddb741f233e74.jpg,0,1,1
CC_1572_jpg.rf.13583e739d7e4fee3fcfca4d1ef5a4aa.jpg,0,1,1
CC_2276_jpg.rf.1042c5275570619fc7afcc6f63457359.jpg,1,1,1
CC_15_jpg.rf.137ef16a091eb6865515b85745435919.jpg,0,1,1
CC_1056_jpg.rf.14959caa47cde54ed24e7d32a0c80566.jpg,0,0,0
CC_913_jpg.rf.16ba4f0f7f6ede40da329ce628689c2f.jpg,1,0,1
CC_776_jpg.rf.182a289b570e0b230d0bc71c9555e65c.jpg,1,0,1
CC_1421_jpg.rf.16cd8047b9702e6ef98f680d216e8725.jpg,0,1,1
CC_1444_jpg.rf.1884027ae29cb9ab8fc74c14601d0081.jpg,1,1,0
CC_2066_jpg.rf.18d7f4591a0271666066666c6ebf9159.jpg,0,1,1
CC_2403_jpg.rf.190c4393ada2d3a9f566f7481f8d9857.jpg,1,0,1
CC_360_jpg.rf.1750da69ccb3bc610dfabb1ec0919e8e.jpg,0,1,0
CC_641_jpg.rf.18b738ce3c9fefa79fa63a288a8d8f92.jpg,1,0,0
CC_2108_jpg.rf.18d98c6d393dd3630f950fd39a367f92.jpg,1,1,1
CC_1042_jpg.rf.19df5c4e5c3ace5bc2cb0d16ad502a57.jpg,0,1,0
CC_1209_jpg.rf.1799dcf6fe99bb1969f46ce95896a8af.jpg,0,1,1
CC_2382_jpg.rf.194c0999fbaefb4823c67e72df17c5ce.jpg,0,1,1
CC_1129_jpg.rf.1abbefb8baaff8ebd5c881862ba5d530.jpg,0,1,1
CC_124_jpg.rf.1810694e2548e653f8049290489c41d7.jpg,1,1,1
CC_1052_jpg.rf.1518d9b575c01963cb71a00a0eb60ac3.jpg,1,0,1
CC_1124_jpg.rf.19fc258dc089b45284e64f1c4ce188e5.jpg,0,0,1
CC_236_jpg.rf.195664c2248f0fa3f829995667b2ccae.jpg,1,1,1
CC_1121_jpg.rf.14f17c88bb457f71f4f6f72180b767ee.jpg,1,1,1
CC_1295_jpg.rf.1846886f5c4c71c8c41adb1a334ac9dc.jpg,1,0,0
CC_2210_jpg.rf.16213d2005f8a15d5a29ddf3275e89bd.jpg,0,1,0
CC_2375_jpg.rf.18341ffc8b34977ab52c1a429c858be6.jpg,0,0,1
CC_121_jpg.rf.169d59aecd7dbe82c82f23360556aa46.jpg,1,1,1
CC_1276_jpg.rf.1c049ea503b73e285d2afa5024219ac5.jpg,0,0,0
CC_2409_jpg.rf.1979bf4239c7e7a2453d76c272eec648.jpg,1,1,0
CC_1742_jpg.rf.18f851f5493e19a2ad5188ec8d00edae.jpg,0,1,0
CC_1744_jpg.rf.1aef36e8ec42e531e62bea82243fe5a6.jpg,1,1,0
CC_858_jpg.rf.1acee7815e74f312747a628a933a4aa1.jpg,1,0,1
CC_1275_jpg.rf.19aab5c2581af542d0a67c55befc2414.jpg,0,0,0
CC_1570_jpg.rf.1c1f51156ce81098b6b2d4fa44761590.jpg,1,1,1
CC_1922_jpg.rf.1bb148707bc9caf51ec62936bc4782ad.jpg,1,1,1
CC_16_jpg.rf.1c96f90342172f5358237c252cc909e0.jpg,0,0,1
CC_1067_jpg.rf.1dd6aa50e38be13367ffdf4c3cd3d568.jpg,1,1,1
CC_1260_jpg.rf.2054c8840f04b22e9f664a39cbead367.jpg,1,1,1
CC_1627_jpg.rf.228811fbf86514ba268e90cd91838752.jpg,0,1,1
CC_2380_jpg.rf.1fd429f63526dc671c0c4965aa4c74c6.jpg,1,0,0
CC_1425_jpg.rf.1d6a9a44d40e02e34620e8ccbc573095.jpg,0,1,1
CC_1681_jpg.rf.20e1a5f9cd3402e565f82c27874bbd87.jpg,1,0,0
CC_1457_jpg.rf.1fd319be0beae6d611cbfe3b017252a7.jpg,0,1,1
CC_1270_jpg.rf.20164796de594135344d4424f1593eca.jpg,1,1,1
CC_84_jpg.rf.238082abd1c52b80571a37d8ade2c56a.jpg,1,1,1
CC_1211_jpg.rf.1e438567ecfda2f18a2fefba698cf46f.jpg,0,1,1
CC_1090_jpg.rf.25ce65d0077f3243c211a4a889838c62.jpg,0,0,1
CC_1416_jpg.rf.2781074e0f1c98deca69d53468491e1f.jpg,0,1,0
CC_2492_jpg.rf.25a729996288776d0c9620a8922f38e2.jpg,1,1,1
CC_1221_jpg.rf.24252da75f2bdbbd7f7953389b3a1dbc.jpg,0,0,0
CC_2067_jpg.rf.265eb34e8b3a772bf10a272dd11c2842.jpg,1,1,1
CC_2162_jpg.rf.2173ec7e38954f5945c78abb8d2f31d8.jpg,0,1,1
CC_3294_jpg.rf.22e5aa17203a1f6e15e330f7107836ed.jpg,1,0,0
CC_843_jpg.rf.24816e4ff0328d439be3568273f33bb9.jpg,1,0,1
CC_2075_jpg.rf.230ed54c66ad8abdc9a26ebc891bcc4e.jpg,0,0,1
CC_1683_jpg.rf.212f9fede07c009e2fae01cc294f2030.jpg,1,0,0
CC_1257_jpg.rf.249618f0959b143b295e677be0442f96.jpg,1,1,1
CC_1102_jpg.rf.2735b7cafc8732e03e9f897af722a66f.jpg,0,1,1
CC_1474_jpg.rf.26e342c62cb5a5948c04aeedc9c592e8.jpg,0,1,0
CC_3086_jpg.rf.293f935d38a2c8d38676523f72848084.jpg,1,0,1
CC_1622_jpg.rf.253098e33f98c0bd994e82387af20465.jpg,0,1,0
CC_1380_jpg.rf.22baa58404f3480eb47f65cf709dc0d7.jpg,0,1,1
CC_247_jpg.rf.2343bdd0e54267d3a56203b6e027b139.jpg,0,1,1
CC_2085_jpg.rf.2907aab604abef332d1f0407699fc396.jpg,0,0,1
CC_148_jpg.rf.29dc8d81656557a87f0d9bdc66d96cae.jpg,1,0,1
CC_1034_jpg.rf.286119e664dbaae265ab703297f0b854.jpg,0,0,1
CC_1179_jpg.rf.2abe4344bc2c248dca830539db685c50.jpg,0,0,1
CC_136_jpg.rf.283ce0122c1775e0c543195f5b0cc94a.jpg,0,1,0
CC_1146_jpg.rf.285870996390da7540aba2e4f45d204a.jpg,0,0,0
CC_1596_jpg.rf.2bc30b3fb15bf5d22fba3146f5084e90.jpg,0,0,1
CC_1502_jpg.rf.2aa63e2adc04e59161855fd877f6acba.jpg,0,1,1
CC_2528_jpg.rf.2b40a17bc970665de847bfce55da4a80.jpg,1,1,1
CC_88_jpg.rf.2bc28e203ea1d3acdef85c8bb159ace5.jpg,1,1,1
CC_2287_jpg.rf.2cac5bda18a39a1accf73ead03a0c6cf.jpg,1,0,1
CC_245_jpg.rf.2d5e15e9a9923156aab888855cee2e70.jpg,0,1,1
CC_1746_jpg.rf.2e2d56ab3a285bcc44f576ee7e5efc7f.jpg,1,0,0
CC_2367_jpg.rf.2e15b8e18a2d9ffcbb7790b465473cda.jpg,0,0,1
CC_1206_jpg.rf.2b2ab76c8a3027a6b8cbb96648e0f938.jpg,0,1,1
CC_2123_jpg.rf.2d98bf18cf6018435c9ffbf80cbe2fe2.jpg,1,0,1
CC_1352_jpg.rf.2eaad5a7870cb01d3fa560eaab1fccf7.jpg,0,1,1
CC_1614_jpg.rf.2c5c06b095120d8759d44ad48d7fff50.jpg,0,1,1
CC_1286_jpg.rf.2e40aedb9a0569e1c21e64def37984e1.jpg,0,0,1
CC_119_jpg.rf.2b7f3b9151817142f544803021f1c736.jpg,0,0,1
CC_1375_jpg.rf.29deb03ec9f94347c4b8db487d35931d.jpg,0,0,1
CC_1364_jpg.rf.2c0ad6b83d3cf7eca6e5cb24e1729f49.jpg,0,1,1
CC_1140_jpg.rf.2d3a1c60fd9760da16ed4ad3d8079095.jpg,0,0,0
CC_2086_jpg.rf.2cc1e29674531623406c1bf27887fb20.jpg,0,1,1
CC_1479_jpg.rf.2f01dc05787588fc6ea21d250f088f37.jpg,0,1,1
CC_17_jpg.rf.8611dcd760638488cce652f89d2c38ab.jpg,0,0,1
CC_108_jpg.rf.86a4b9f28890e98826c1b6098106884d.jpg,0,1,1
CC_1759_jpg.rf.86a4bd17ed3c00877d755d157891c0d2.jpg,1,1,1
CC_1161_jpg.rf.81fbce9bec361492fadded8a9f4f75df.jpg,1,1,0
CC_1493_jpg.rf.8261ce276c14a323218d02435ce985cc.jpg,0,1,0
CC_2483_jpg.rf.86c9a850a9e0879c56df06856430da3d.jpg,0,1,1
CC_1370_jpg.rf.87a7099367b7c577d221bec1db2f96e8.jpg,0,1,0
CC_1333_jpg.rf.882659cd9fb62952d9e6460a53e20ba6.jpg,1,0,1
CC_1317_jpg.rf.89997bec2ae76ba2b6558d4ba37d936b.jpg,1,0,1
CC_1137_jpg.rf.898b248c3a1bf3270f1c814f13f54345.jpg,0,0,0
CC_1443_jpg.rf.88a9f59fbdfc2ded501d78dbcc0454a4.jpg,0,1,1
CC_1346_jpg.rf.839e3d223d3da466463138a36ce13a8c.jpg,0,0,0
CC_1264_jpg.rf.881ac87ea5e3953f2dcf6f5d2096dddf.jpg,1,1,1
CC_1571_jpg.rf.89aefce2872bcd4b23252148976235ce.jpg,0,1,0
CC_1298_jpg.rf.89f8946843d7c992c0dd0622ce082fca.jpg,1,0,1
CC_1376_jpg.rf.8a148dc6519cdcb0e6cf6b634174b36c.jpg,0,0,1
CC_1583_jpg.rf.8a4ec717b060f4d053707c0af090247e.jpg,0,1,0
CC_1134_jpg.rf.82b8304071c65ca46423a3b7ab9988be.jpg,0,0,1
CC_141_jpg.rf.89ca6ca56db94c2baa78c35254eb4120.jpg,1,1,1
CC_879_jpg.rf.8298e39c2baee30c8df062751b9edc9a.jpg,0,0,1
CC_2336_jpg.rf.82c3fb260f146083c270ed84dfca46d4.jpg,1,0,1
CC_1304_jpg.rf.84127031d6edc687718a5469e8d8eef9.jpg,0,0,0
CC_2168_jpg.rf.8425177c8a0ead42f4f8102be1f77b23.jpg,1,0,1
CC_2488_jpg.rf.8494a2a6eeed0db72cfe77dd9a4a49c6.jpg,1,1,1
CC_233_jpg.rf.84738991fd2ec401bad52e0b889a4ba2.jpg,1,1,1
CC_1040_jpg.rf.8dac25561a7070772d43d2c55bb01e7a.jpg,1,0,0
CC_1748_jpg.rf.8e690ad667a3b8a41f0a6e73a180b5b6.jpg,0,1,0
CC_1308_jpg.rf.8d4986342673abd0ee837fcb69f582ed.jpg,0,0,0
CC_237_jpg.rf.8f656e87ded3d18957a8621f0e3d8a62.jpg,1,1,1
CC_2100_jpg.rf.9009b0bd6638d0f768e59f156b1b88e7.jpg,1,0,0
CC_1187_jpg.rf.8fdb479ed3c40c298838eee8184acb7b.jpg,0,1,1
CC_2095_jpg.rf.8daace01d41ed80ffc9388d0f02aada2.jpg,1,1,1
CC_2320_jpg.rf.8d8e7edb5289e9e9b75aea390ea25f90.jpg,1,0,1
CC_1237_jpg.rf.8eb62d03e57f3fbea13dcd2d511b3ad5.jpg,0,0,1
CC_89_jpg.rf.90f71ba937cd620ca54b782e7a3923a5.jpg,1,1,1
CC_504_jpg.rf.924e18e86db3a204757a0980cf29473c.jpg,0,1,1
CC_1296_jpg.rf.934853cff917334ae0c3eb443e83d678.jpg,0,0,1
CC_1381_jpg.rf.931d1ade06a255f89a941b15672c46e6.jpg,0,1,1
CC_1619_jpg.rf.906e02eed08204e611847786194e3bc6.jpg,0,1,0
CC_498_jpg.rf.92b87a469bc25a3939677354a4c9e78e.jpg,1,1,0
CC_1411_jpg.rf.925ea90b8b26c46f95133616d59bd2fa.jpg,0,1,0
CC_2091_jpg.rf.90308bec16feb5c7f1c4736030b38114.jpg,1,0,0
CC_1128_jpg.rf.9014e766845bc30f2e81432b15805da7.jpg,0,1,0
CC_1020_jpg.rf.9398f7061e1c2ea417eae3fd84db9b7c.jpg,1,1,1
CC_10_jpg.rf.93eb991490e7bc043ba3c79d60af758d.jpg,0,1,0
CC_2474_jpg.rf.93047b13adeba2836256bcc4150a4f87.jpg,0,1,0
CC_12_jpg.rf.908a3c4ad785096e931db7ba268f6ccd.jpg,1,1,1
CC_2056_jpg.rf.939811df99c5922cdf325a2937089799.jpg,0,1,1
CC_235_jpg.rf.92d1ea1604eef1d9d20935e2f93e9b6c.jpg,1,1,1
CC_206_jpg.rf.8ebe1ec64fb7230edbb5c7692592f233.jpg,0,1,1
CC_1086_jpg.rf.93a232d4d634c7bf7af55821bb9f02da.jpg,0,1,1
CC_2138_jpg.rf.92d2a0b7809c703e01836b3f59df20c4.jpg,0,1,1
CC_875_jpg.rf.940888fd21ebfca12dd11651d5b56f40.jpg,0,1,0
CC_1623_jpg.rf.909f6aa6f763f7058dd8e436fd4d2889.jpg,1,1,1
CC_523_jpg.rf.96418ec0a39e1b1634d759be3fd645c0.jpg,1,1,0
CC_192_jpg.rf.96e861fa552c914255e5dfce6f446c45.jpg,1,0,1
CC_2374_jpg.rf.9641001a0955c5f073f85a20ec8f01ac.jpg,0,1,0
CC_1396_jpg.rf.9676929a5e1233a45aa86afd4a31dc64.jpg,1,1,0
CC_1406_jpg.rf.966bdd17da7272e6d1451cd65d9fe3c0.jpg,0,1,1
CC_1195_jpg.rf.9640debf48d84438ea757c3f87475e73.jpg,0,1,1
CC_110_jpg.rf.973577ba239eb03b11236a65dac50787.jpg,0,1,1
CC_1738_jpg.rf.9411feab52d3f535314a52c249a24714.jpg,1,1,1
CC_1870_jpg.rf.9ad0099f7594c3066125193bf2b5920e.jpg,0,0,1
CC_1160_jpg.rf.955fb51237468398d8b522a0abe19216.jpg,1,1,0
CC_1109_jpg.rf.98b459180a4125dbf423a7844dd836a5.jpg,0,0,1
CC_3108_jpg.rf.9a72fde0498a18bcf046a3784148b0b9.jpg,0,1,1
CC_2082_jpg.rf.97dea31841b180c2033a6b854bb5569d.jpg,1,0,1
CC_1697_jpg.rf.99cdeaacd2a60ecc90e3a6b41f26356a.jpg,0,1,1
CC_1198_jpg.rf.94b18af8e5bc774ef85f2dc1181cb92a.jpg,0,1,1
CC_1238_jpg.rf.98fdb2c01d6759d9a97fd6302e091960.jpg,0,0,0
CC_1189_jpg.rf.98ce38830121e830930d5ce576c6b2ea.jpg,0,1,1
CC_839_jpg.rf.9b2aadac8c44464caaf70807f0565e24.jpg,1,0,1
CC_829_jpg.rf.97a9edc6f7e2906fcc4612c9a992b870.jpg,1,0,1
CC_1378_jpg.rf.998a5f79f52d80909f5f7f87c38769b9.jpg,1,1,0
CC_3061_jpg.rf.9aec852a9fc1feba5a3cb45dfae8de8e.jpg,0,1,0
CC_1588_jpg.rf.9b63f0f99ccde4704eebf4d8b63848c3.jpg,1,0,1
CC_1269_jpg.rf.99669202180ec4814dbbf32de9d569fb.jpg,1,1,1
CC_1188_jpg.rf.9b7b3e976a77972eea429ad7850bb462.jpg,0,1,1
CC_1076_jpg.rf.9a3e83d9d85f420f8f0b595226f92c7f.jpg,1,1,1
CC_2323_jpg.rf.997f3effadd8e9a88d0fbdd8beb7945a.jpg,0,0,1
CC_2073_jpg.rf.9dbb2b7365aa5ca38f316c97af3a2e10.jpg,0,1,0
CC_118_jpg.rf.9cf86d23de62266a2f112a2f442eeb54.jpg,0,0,1
CC_1395_jpg.rf.9ba965874c0d0a83693c603c17284a5b.jpg,0,0,1
CC_1699_jpg.rf.9c32ac63887c279efc70209f979e53ed.jpg,0,1,1
CC_605_jpg.rf.9be5ec06c27ac12a6de8962e72ffd153.jpg,1,1,0
CC_774_jpg.rf.a0c05facc1e5c92fbeff555fdcc54732.jpg,1,0,1
CC_1163_jpg.rf.9e514f92373b96a24c5c03ee695caea5.jpg,0,0,0
CC_1605_jpg.rf.9d039497ecd933e995c1e501c528df30.jpg,0,0,1
CC_1079_jpg.rf.a013d2a2e368b87cfabd4340afe99af2.jpg,0,0,1
CC_497_jpg.rf.9e2aa1e45545ae3bb44eb052aa2d3651.jpg,1,1,0
CC_1096_jpg.rf.a2fc0c3a9140d583d18d5e8e1ffcbe88.jpg,0,1,0
CC_1482_jpg.rf.a12e46671c0a4c8dd5f067b6b857ad0f.jpg,0,1,1
CC_1460_jpg.rf.a271ae426ba39a0c3e85a729cf785f8f.jpg,0,0,1
CC_999_jpg.rf.9e92044b378c9bdf89a9b3491cd53bd9.jpg,0,0,0
CC_1145_jpg.rf.9ea4a0a5076914e72be0ec62a7b88d48.jpg,0,1,0
CC_1384_jpg.rf.9d8d93911c26f56efe8f0528dc1a1eed.jpg,0,1,1
CC_146_jpg.rf.a11634965af7e7d4cbee8d3bad6217ab.jpg,1,0,1
CC_1016_jpg.rf.a35506de90e316f90acccfdde593a9a8.jpg,0,1,1
CC_2303_jpg.rf.9c656bf41afe6307ce29d5cc80632254.jpg,0,0,1
CC_1011_jpg.rf.9f14b7d74126447cec94977b6c65e5f5.jpg,0,1,0
CC_132_jpg.rf.a1a9e15c8a73d9daf370b21a496058e1.jpg,0,1,1
CC_2788_jpg.rf.a34ab45525debf483baca6aeb41ca243.jpg,1,0,1
CC_1147_jpg.rf.a13188f2d8330d9ca72966a3f29319c2.jpg,0,0,0
CC_2312_jpg.rf.a40739d39f3817754b26ad9dad924928.jpg,0,1,0
CC_1871_jpg.rf.a49201d4fda240f1714fd934d2b88602.jpg,0,0,1
CC_1116_jpg.rf.a09742a4b033777a161ca93090a041a7.jpg,0,1,1
CC_1246_jpg.rf.a56e875d159a86e5f2019be450c11114.jpg,0,0,0
CC_1193_jpg.rf.a5840466d38b57a1bd410cf1dc88ca74.jpg,0,1,1
CC_1342_jpg.rf.a5f1cc50065c9a7baee85ca828375121.jpg,1,1,1
CC_1752_jpg.rf.a5932591a1d42cf9de60b530e2a4ab08.jpg,0,1,0
CC_1600_jpg.rf.a945970d546e5130d43f2a56ef37d86d.jpg,0,0,1
CC_1377_jpg.rf.a6e4b8d75622c55079e8b182fe6c7da4.jpg,0,0,1
CC_1328_jpg.rf.a8dea917617eb44fbd89d5f32f791222.jpg,0,1,1
CC_173_jpg.rf.a9a73f0538112295955049b891ee6848.jpg,1,0,1
CC_1363_jpg.rf.ab04dce30694bc03066d2d907391a85c.jpg,0,0,1
CC_3048_jpg.rf.abc7160c5da487cf3f95a58e8e23b8f7.jpg,0,0,0
CC_100_jpg.rf.ad1f71db501337bff187d12e0d38039f.jpg,0,0,1
CC_3072_jpg.rf.acf9dee21d739053910adb8731a538dd.jpg,0,1,0
CC_2189_jpg.rf.b177ce4383dab827b27e92dae48cc44d.jpg,1,1,1
CC_646_jpg.rf.b2c7728c1e4d1805dd09ed33129b1a6c.jpg,0,1,1
CC_1313_jpg.rf.b11aea9943f1ec2ec9be5bed7409887f.jpg,1,1,1
CC_120_jpg.rf.b2acd1210c5ac4490a0344578125c52e.jpg,0,1,1
CC_1927_jpg.rf.ac0ab17d621264d3ffefe4c36ccf81e1.jpg,0,1,0
CC_2366_jpg.rf.b3de7e155f4dd9734a36a7fc05e4fdee.jpg,0,1,1
CC_2217_jpg.rf.aedca35039920ad8e7fe50d803b99d62.jpg,1,0,0
CC_1172_jpg.rf.b0bb5759ca2a8f69a2bb4b32c004d342.jpg,1,1,1
CC_1115_jpg.rf.aba383a0d89b34010690d9e68ab2000a.jpg,0,0,1
CC_1112_jpg.rf.b06bfdabac121755ae8e06db50e219c1.jpg,0,1,1
CC_1015_jpg.rf.b622067e114b3b7841eb580daf49e969.jpg,1,1,0
CC_1229_jpg.rf.b45e753bc62b0c0f6c70b7dfd9555ad3.jpg,0,1,1
CC_1618_jpg.rf.b6445664216b03de612af39ffe06452f.jpg,0,0,1
CC_1180_jpg.rf.b7711fe1a9555ec42302cfcc3450702a.jpg,0,0,0
CC_3060_jpg.rf.b30e28d3b04128054a08c39cbe9e685a.jpg,0,0,0
CC_1078_jpg.rf.b63324ded8c3b27867e90e8c14a4a8db.jpg,0,0,1
CC_98_jpg.rf.b4097878859287ba8db3a95364b461a3.jpg,0,0,1
CC_2194_jpg.rf.b684a8f2cf2c924cebd26216dcf6b787.jpg,0,1,1
CC_2152_jpg.rf.b51d7ee712a60fc02f218804becd08a8.jpg,1,0,0
CC_1733_jpg.rf.b6477ec989732be72f8c37b0885defee.jpg,1,1,1
CC_1625_jpg.rf.b8368db81b1886d2077b31c055d3e606.jpg,0,0,1
CC_644_jpg.rf.b35c759274e5595bb2d547f267deb1cf.jpg,0,1,1
CC_1210_jpg.rf.ad29697d3b45229950b492d725dbb0a5.jpg,0,1,1
CC_2505_jpg.rf.b852e74ff806d2accb1329944cfededa.jpg,0,1,1
CC_11_jpg.rf.b852fd749001920a8fef72e6b5bfb987.jpg,0,0,0
CC_1424_jpg.rf.b89dbecd4197523edf8d7aae7bd5b64c.jpg,0,1,1
CC_2071_jpg.rf.bc5ae439b7ae8db1207f8336346e6d0f.jpg,1,1,0
CC_160_jpg.rf.bd15680081edab27a6664f77807d18ae.jpg,1,0,1
CC_1419_jpg.rf.ba08acd8cd278e307a91911d09d272b0.jpg,0,1,1
CC_79_jpg.rf.bc82a2e6ececcce8ab6d5a9160304e54.jpg,0,1,1
CC_1394_jpg.rf.bd40e126f2e446c05e71b8e50a7a8286.jpg,0,0,1
CC_2423_jpg.rf.bf47636525401d48365a4432f8e35f62.jpg,1,0,0
CC_1920_jpg.rf.be1346a82d70d4697b030a540a7440d5.jpg,1,0,1
CC_2493_jpg.rf.ba5661b6fd3fecd86d7630a90504573f.jpg,1,1,1
CC_2351_jpg.rf.c027e330668b601932f9492dfaca3e37.jpg,1,1,1
CC_2738_jpg.rf.befafb95d986d2fefb48746efc0389bf.jpg,1,0,0
CC_1280_jpg.rf.bb0cfef1824d196bb57e0d7974c04bb7.jpg,0,0,0
CC_864_jpg.rf.c061713d837f8251852b7bd4e517bc4e.jpg,0,0,1
CC_1400_jpg.rf.be9c3f6a267b0821d139f5b3861985d7.jpg,0,1,0
CC_2339_jpg.rf.bf38d3b594bdd2e9788ae343b7f45c95.jpg,0,1,1
CC_1003_jpg.rf.bf386900d6ffeebfdfc5895545c8ae81.jpg,0,0,0
CC_2408_jpg.rf.bfb481d32bf9a71e961ee847a9397bf6.jpg,1,0,1
CC_1062_jpg.rf.becb6333fea9988e48caa46e0a6aee05.jpg,1,1,1
CC_1048_jpg.rf.bfe7d7e9bb3588ad05c7ae3df8c51fc8.jpg,0,0,0
CC_1249_jpg.rf.ba6ba55340d9242cb32eafc91e15b916.jpg,0,0,0
CC_3091_jpg.rf.bc0a404b694f920259aa5090b58b875e.jpg,0,1,0
CC_604_jpg.rf.bf2f625c2e72210f6b65dd424b26f8db.jpg,1,1,0
CC_1321_jpg.rf.bff2e4b5c060be30b6c5f80b87a61539.jpg,1,0,1
CC_1621_jpg.rf.c06f135bfb778d04b73e487dab493699.jpg,0,1,0
CC_1926_jpg.rf.bc13980fec19e8a125367f57e8a24857.jpg,0,1,1
CC_1001_jpg.rf.be542e90a7e3cd9b2d717f0f90271db0.jpg,1,1,1
CC_2344_jpg.rf.c08cf3bf0fa5b4b039b44e167e9e4bef.jpg,1,1,1
CC_134_jpg.rf.c1aed54fdbd62231853928da7c15ef6d.jpg,0,1,1
CC_1007_jpg.rf.c2ce186f4309b1655701bb7066074ecd.jpg,0,0,0
CC_838_jpg.rf.c36ab84877b9c83cb5645d09026f409f.jpg,1,1,1
CC_1398_jpg.rf.c684e9a89f7955fcd0af4ccf0bde2ef1.jpg,1,1,0
CC_1036_jpg.rf.c43922e4fd2efef6e405753dcc45d2f8.jpg,0,1,1
CC_2207_jpg.rf.c56196d4cbd3175e156c88943a863cb1.jpg,0,1,1
CC_1597_jpg.rf.c2f62e028b3a38e0a651d9f6f480d963.jpg,0,1,1
CC_1244_jpg.rf.c666ed2f1da44a53f3617914838e8017.jpg,0,0,1
CC_142_jpg.rf.c7ef63207ea36035cab7bbcc0b07a35a.jpg,1,1,1
CC_1310_jpg.rf.c5d491ade265a9159de454582709fa53.jpg,0,0,0
CC_1357_jpg.rf.c760c2d9ee7c1969f74f6f4d9eb4d30c.jpg,0,1,1
CC_2473_jpg.rf.c62a38be01d4d51d98359a1caab07b2b.jpg,0,0,1
CC_1323_jpg.rf.c9257ccdc2fdcf9d27d6bcdc5df6bee8.jpg,1,0,1
CC_826_jpg.rf.c93e4a9a790ccca9f414e77c3a14b0c9.jpg,1,0,1
CC_1455_jpg.rf.c9544f07571e723ff14e55b9d41b3658.jpg,0,0,0
CC_3104_jpg.rf.ca1957675c1bef6045ee9bb2c7f64d65.jpg,0,0,1
CC_1285_jpg.rf.c3cdc0187a73ab9039d12204ccdf62e3.jpg,0,1,1
CC_1120_jpg.rf.c9d26a88b66afd075ea18638c0b1a326.jpg,1,0,0
CC_1397_jpg.rf.c926b57641c030147bb93b49abdb0462.jpg,1,1,0
CC_1306_jpg.rf.c44665fb6bb966bb288f524c73b6e2de.jpg,0,0,0
CC_1361_jpg.rf.c8f21b61e2ea4b7af8e91a2f79f5ecab.jpg,0,0,1
CC_2478_jpg.rf.c49a69150194f2f30fc683252434a95e.jpg,1,1,1
CC_1125_jpg.rf.c94cadd1fb366e47d028c4ddffb2a9c8.jpg,0,0,0
CC_1105_jpg.rf.caa4549a9a9327f96cc47e13f264c338.jpg,0,1,0
CC_1259_jpg.rf.c8eb3b40a231c68f5fac4355d8d16aab.jpg,1,1,1
CC_2357_jpg.rf.c89b3012f3c9d13e1e1abd6018f0fbab.jpg,1,1,0
CC_1354_jpg.rf.ca5a327a2d02276598d7918ca43792f6.jpg,0,1,1
CC_1758_jpg.rf.c3b09449a33e5860d022982d316f39a7.jpg,1,0,1
CC_1192_jpg.rf.cae716c133a299b77fa2c450ad04ac94.jpg,0,1,1
CC_1171_jpg.rf.cc3c85aca53448c739db37a6db06615d.jpg,1,0,1
CC_1429_jpg.rf.cb0a1e797215a6955aa1108c0c4296e9.jpg,0,0,1
CC_2216_jpg.rf.cdeffc54c3b22a495e0994e5265188cc.jpg,1,1,1
CC_1409_jpg.rf.cad5a6d4a7afeb95c6d7c2ffdb8e85dd.jpg,1,0,1
CC_2054_jpg.rf.cf9ad8ec06706eed3669be5e29a6223c.jpg,0,1,1
CC_1225_jpg.rf.ceae4986e35881d9a4e099edb40673de.jpg,0,1,0
CC_2294_jpg.rf.cf5fa3224a8521a81e3742171e055851.jpg,0,1,1
CC_917_jpg.rf.cd41aeaf5b79dd490ecbf029155260ae.jpg,1,0,0
CC_1026_jpg.rf.d015fd19b534986956a74b6283593050.jpg,0,0,1
CC_1924_jpg.rf.cd51b1a80856fd1f72c9f02c8151fb3c.jpg,1,1,1
CC_1194_jpg.rf.d05f588016274aa1c5447b529b2e18b7.jpg,0,1,1
CC_1083_jpg.rf.d0c8333a15a5a8a4df23190a128807f4.jpg,0,1,1
CC_1168_jpg.rf.d05eaa23bcc6e0f8b16b7cbea1f7c073.jpg,1,1,0
CC_1099_jpg.rf.d01e676cfd7963b681b70a256ce18d8e.jpg,0,1,1
CC_1392_jpg.rf.cc524aa3aedd9e2395edb19d617f5b9f.jpg,0,0,0
CC_2248_jpg.rf.cdd039a1c92f363d0af8074b8a78043d.jpg,0,1,1
CC_1073_jpg.rf.d0f009b5b35253c66d75aa379f27d64b.jpg,1,1,1
CC_1325_jpg.rf.d104a7834030eed5550392755ef524e9.jpg,1,0,1
CC_2434_jpg.rf.d01223358037b510ec636fffff2a5635.jpg,0,0,1
CC_1071_jpg.rf.cc8b29a281ea8e44751d59122f4fba01.jpg,1,1,1
CC_1749_jpg.rf.d07db03546e4ac051da418e7aba3875a.jpg,1,1,1
CC_1617_jpg.rf.d06227a49cdf6a11e4690a5dfbdc0d2c.jpg,0,1,1
CC_835_jpg.rf.d160e7cfbf15e539c956507aa00d9627.jpg,1,0,1
CC_1089_jpg.rf.cf9e3ce42b722961a7416132c5ac6c20.jpg,0,0,1
CC_2342_jpg.rf.d2251d4e586a9107f1838b22625246ed.jpg,0,1,1
CC_1422_jpg.rf.d1833d15d5f47445797ba4d9f726da91.jpg,0,1,1
CC_811_jpg.rf.cd8449acdd261e5af5e5ac4aa8a1ae22.jpg,1,0,0
CC_1620_jpg.rf.d1bdd51fad44548c29ee636a61095f93.jpg,0,1,0
CC_976_jpg.rf.d1fc97d63fcac76ab7647709f9a0f668.jpg,1,0,0
CC_1169_jpg.rf.d18fd3c9832de47eaa29312453662aa3.jpg,1,0,0
CC_1374_jpg.rf.d2674840578bcfb017a7066ef1c66abe.jpg,0,1,0
CC_2131_jpg.rf.d1d1ae30df5173a723c1a40e331cc95f.jpg,1,1,1
CC_101_jpg.rf.d3645db3209015eb984418f50899b60c.jpg,1,1,1
CC_122_jpg.rf.d40baa13f60aa4b1f04b4be05c084df7.jpg,1,1,1
CC_1322_jpg.rf.d6260259c31667286b05acce418e535d.jpg,0,1,1
CC_1173_jpg.rf.d6136011ef9eaf42ad2d732d62cd3d08.jpg,1,0,1
CC_1142_jpg.rf.d4bb147f9e9ebe48ac5967557d4feaf0.jpg,0,1,1
CC_1261_jpg.rf.d364adb99572d7feffcfc9b9a20c0a11.jpg,1,1,1
CC_2167_jpg.rf.d36c11ade416eb346dc644e8898492f9.jpg,1,0,0
CC_878_jpg.rf.d327452068978b8d478efbe5ee1b15d6.jpg,0,1,0
CC_2377_jpg.rf.d4e172ac5bb80f135f0dfad48af251dc.jpg,0,0,1
CC_1371_jpg.rf.d596e5d0c8f63b62381b1930434a354a.jpg,0,1,0
CC_1108_jpg.rf.d93988d4f57e148149cf1277ce408c80.jpg,0,1,0
CC_1081_jpg.rf.d6d5e4be111579b52f99598593555da1.jpg,0,0,0
CC_1721_jpg.rf.d8ab8de331089128b9fa7efb4c928f8f.jpg,1,1,1
CC_1158_jpg.rf.d2fd1d84549df0cb2e1180af35c4c03c.jpg,1,1,0
CC_1692_jpg.rf.d866652e66d7adee63f19595a6dbff78.jpg,1,0,1
CC_1153_jpg.rf.d7f6ae8b145597497edf6d45329dde5d.jpg,0,0,0
CC_158_jpg.rf.d8eb584b4ea5bb887b8e05783578a0ab.jpg,1,1,1
CC_834_jpg.rf.d289aab2fece70d935437a65940e7714.jpg,0,1,1
CC_493_jpg.rf.d8393015c7f9e1924ba74798a6f17284.jpg,1,1,1
CC_894_jpg.rf.dad8ca430aaeaaa4abf60a3f96517fe3.jpg,1,0,1
CC_2439_jpg.rf.dbceda200fe23420ccbd4bdf671eccc4.jpg,1,0,1
CC_1311_jpg.rf.dc81f831892043943d906c3955342b75.jpg,0,1,0
CC_1101_jpg.rf.dd6ff56e44b711131b2ed945875c486b.jpg,1,1,1
CC_1458_jpg.rf.dd9b0017b3aa523708ce6a26ac3f86c7.jpg,0,0,1
CC_2122_jpg.rf.de91d9a429d571fb5efaf0ad28a9094e.jpg,1,0,0
CC_3063_jpg.rf.d950a933d9f6673a309c30dc29acabb9.jpg,0,1,0
CC_2338_jpg.rf.de8e73e833f973ecc2bc9a89ef2ac592.jpg,1,1,1
CC_1049_jpg.rf.dea543e1584c865583c14a77e7a3a343.jpg,0,0,1
CC_1282_jpg.rf.deff5c90c0ce5aaf6261e99563f9fe24.jpg,0,0,0
CC_1402_jpg.rf.de91be2ecfaa20080138c656591bd19a.jpg,0,1,1
CC_1266_jpg.rf.dfcce6ffb6924980851fd618d1b9dddf.jpg,1,1,1
CC_1343_jpg.rf.df48057965edc344f504ff7e37e0afc3.jpg,1,1,1
CC_2158_jpg.rf.e1227c75dffbd6cdeb83f4458c53bcff.jpg,1,0,1
CC_1150_jpg.rf.e00c6a4801ad4e5835a87666dbbfcc17.jpg,0,1,1
CC_140_jpg.rf.e0dafbde7505b3a85f6f1e33ebc37696.jpg,1,1,1
CC_1480_jpg.rf.dffca00fd66274b1c7d8f51dd147dbcd.jpg,0,0,1
CC_1170_jpg.rf.da4d7600575db62356cd7ccb0c1da686.jpg,1,0,1
CC_1615_jpg.rf.d9ece9fc47e405f299c71185e0660d09.jpg,0,1,1
CC_1046_jpg.rf.da7ebfe8cda67105b0c067d6f03e8cff.jpg,0,1,1
CC_1436_jpg.rf.db0e451399c9dfbece58c99477a46d55.jpg,0,1,1
CC_1414_jpg.rf.e0efc0b1ddaa96a42c349deada8688da.jpg,0,1,0
CC_2476_jpg.rf.daeddb76efcd2f64d3bf36bd0d2027b1.jpg,1,0,0
CC_1203_jpg.rf.e16666a376fae04cd639efa727d0be6c.jpg,1,1,1
CC_1603_jpg.rf.e1b5f8ecaea2e4890f33d3390538f658.jpg,0,1,1
CC_1300_jpg.rf.e4312f18bc15bdbb09547ca9c313d80b.jpg,0,0,1
CC_1220_jpg.rf.e54e07abc29dc096bcf167652b43fad2.jpg,0,1,0
CC_1635_jpg.rf.e4c655ba98c4e10155a527bb76303874.jpg,0,1,0
CC_1256_jpg.rf.e1fa38509d52efc977ce9f64097eb622.jpg,1,0,1
CC_2239_jpg.rf.e1ed4b1d736cff86ce1bff38aa9b23a0.jpg,0,1,1
CC_1507_jpg.rf.e2bf1a233b872a68c91e8f0f0a88037c.jpg,0,1,1
CC_1100_jpg.rf.e5b2f6891205ac276ba1e0288ec5c1fa.jpg,0,1,0
CC_35_jpg.rf.e6a6bd690a651830c169401af584a8c3.jpg,1,0,1
CC_1207_jpg.rf.e8b444aadb932c290a4859a5673d6f75.jpg,1,1,0
CC_1025_jpg.rf.ec3062b6faf84160842c48df198280b9.jpg,0,1,0
CC_1590_jpg.rf.e2a2d0ca56976be97b165c308e948a4e.jpg,1,0,1
CC_1403_jpg.rf.e85e86e15981806488cacfffec7fb608.jpg,0,1,1
CC_1222_jpg.rf.e759cb47d4675317e074b0062271dbdd.jpg,0,1,1
CC_1631_jpg.rf.e6ff38b53803931ddf18c8e866161f0c.jpg,0,0,0
CC_855_jpg.rf.e8cba30c1fe96907345df88a36dafee3.jpg,1,0,0
CC_176_jpg.rf.e9564ebe3aba10a2aa8ee99f72ccf8b2.jpg,0,1,1
CC_2205_jpg.rf.e59d76fa2af18aef7e08f20fe6f9c3f0.jpg,1,0,1
CC_525_jpg.rf.e6c1e6cbde509d90a9bc064e8a8748aa.jpg,1,1,0
CC_149_jpg.rf.e98a44c4ae2fc649e31c6d1ca530216c.jpg,1,1,1
CC_854_jpg.rf.ea51c3433d65ecc147609fd509bc1754.jpg,0,0,1
CC_1595_jpg.rf.eaa48d5dce9f65dd4c3e0e821af98767.jpg,0,0,1
CC_2148_jpg.rf.e8bb3a0c67a273e4732e3700304a97bb.jpg,0,1,1
CC_1088_jpg.rf.e7568ad3c0ed102144d7d53f52d079d7.jpg,0,0,1
CC_1492_jpg.rf.ecb530031d51b2bb137fea64c25074c3.jpg,0,0,1
CC_1_jpg.rf.ed8b1d441e84e663aaf7e9b176d48b47.jpg,0,1,0
CC_1634_jpg.rf.e5827308c84c823e399fe7ee99496fca.jpg,0,1,0
CC_643_jpg.rf.ec4750eebc085452aad70971d3065352.jpg,1,0,1
CC_193_jpg.rf.ed8104a48af69cfff1c476d3d64045a6.jpg,1,0,1
CC_125_jpg.rf.edff616fcb8b12f8cbac9f5b7e302a9d.jpg,1,1,1
CC_2480_jpg.rf.ee9f097fe9a04314ee9b01df60677f40.jpg,0,1,1
CC_1682_jpg.rf.eea840c42e043d49064c1d1ad9360fed.jpg,1,0,1
CC_818_jpg.rf.eeb77c76ec12a2055efd8910eb6f3ed5.jpg,0,0,1
CC_1606_jpg.rf.efb82497152cae3d818d17cf792e364b.jpg,0,0,1
CC_1601_jpg.rf.f32345b701725d5e3d63fecb08125065.jpg,0,1,1
CC_2387_jpg.rf.f268a709448fc0f40162844471103322.jpg,1,0,0
CC_128_jpg.rf.f30f83481e00e59b2e89c95d8ee64476.jpg,1,1,1
CC_1442_jpg.rf.f4569a8c31cdeb085f2ddfadf1821504.jpg,0,1,0
CC_494_jpg.rf.f0549c0db57ccdbc87d297d1a8a773e9.jpg,1,1,1
CC_1152_jpg.rf.efe3d03d549564ca3d88f12af4a44400.jpg,0,0,1
CC_866_jpg.rf.f0082a10c1749c49e9bca542d2ef2785.jpg,1,0,0
CC_1491_jpg.rf.f338fc2e8a0cf5ae518495fa55b944e7.jpg,0,1,0
CC_2240_jpg.rf.f610c40cb011b8abbfe52fa7bd030a52.jpg,0,1,1
CC_1726_jpg.rf.f45de9649f76f6f0ea35bef02e46a3cd.jpg,1,1,1
CC_1252_jpg.rf.f8116b7e96722fa567a618da4a03fb35.jpg,0,0,0
CC_3083_jpg.rf.f1af802c8c1365f1bfa78fc4104dc856.jpg,0,0,1
CC_1503_jpg.rf.f62917bb3d3ad2bc63c23bf8031c0656.jpg,0,1,1
CC_105_jpg.rf.f7b51dcb41ab1cf6e4a392f20ddbca5f.jpg,0,1,1
CC_1613_jpg.rf.f4823ada8667ef99cf77122b9f192e52.jpg,0,0,1
CC_775_jpg.rf.f96fc0f46ac98a472d5e9db54f9f9895.jpg,1,0,1
CC_2737_jpg.rf.f663f5978aabfdfc5ec832549e747c2d.jpg,1,0,1
CC_1183_jpg.rf.f762e47f87bec28681f9081c4e46e642.jpg,0,1,1
CC_1022_jpg.rf.f84f389827e92b30f78cc23dac87adcb.jpg,0,0,0
CC_123_jpg.rf.f1c59a163561394b9d412ff0126dafaa.jpg,1,1,1
CC_1248_jpg.rf.f1279a52fb6b0fb17ed4fe8b3f90cca7.jpg,0,0,1
CC_1589_jpg.rf.f8986c3acd95b4ef491c251cea49b13c.jpg,1,0,1
CC_2191_jpg.rf.f48adb8e5fb8cbc79b0e02e41ebaad0a.jpg,1,1,0
CC_495_jpg.rf.f91ad836d29960a7559cf5827480cb31.jpg,1,1,1
CC_1302_jpg.rf.f766ad641b1d12b728482836761618d0.jpg,0,0,0
CC_1274_jpg.rf.fbb527cfda82bb7f122174de08114ce6.jpg,0,0,0
CC_1021_jpg.rf.fa92a61d4c9316599d7601d68b0aa618.jpg,1,1,1
CC_174_jpg.rf.fa86d1ae3ed7c75fad690055b770d4a9.jpg,1,0,1
CC_1847_jpg.rf.fa760954df25359a220925e9e59a865e.jpg,1,0,0
CC_1755_jpg.rf.fb58e99ba9a5be64c9446b5c1908fc6b.jpg,0,1,1
CC_1224_jpg.rf.fbe4a985e548d4ad687e239992bdf7ab.jpg,0,1,1
CC_2113_jpg.rf.fc9686de1db5b37b65e4d48306827785.jpg,1,0,0
CC_500_jpg.rf.fb164b915b576837115ccc80fedb7423.jpg,1,0,1
CC_1410_jpg.rf.fc7d1ebfc644ef09e9e7f9f1f3b9802a.jpg,1,1,1
CC_1002_jpg.rf.fe2526ed3e2cc614514a28a9be878fe6.jpg,1,0,0
CC_1028_jpg.rf.fc77b4422987bd35087441ede0de7dca.jpg,0,1,1
CC_350_jpg.rf.ffde9cf2461b313999012412e88f6b1e.jpg,0,0,1
CC_2105_jpg.rf.fca57a2cb94f53042932b1d54e778070.jpg,1,1,1
CC_1167_jpg.rf.faf8466017a896274ca6cbfe89bb4b82.jpg,1,1,0
CC_162_jpg.rf.fc096c7c27c0ae53b58160ddad5af3d1.jpg,1,0,1
CC_1059_jpg.rf.fd96a222061b07c745d63ceeb7572eb1.jpg,1,1,1
CC_1035_jpg.rf.fb05385f3eb3212f397c42d36a5434ec.jpg,0,1,1
CC_1355_jpg.rf.ffb1d2f17400373be04d0afc8f7bec0e.jpg,0,1,1
CC_131_jpg.rf.ff7272da2c6474e4e1cbeefe0cb9edd6.jpg,1,1,1
